{
  "project_info": {
    "project_number": "735270614140",
    "firebase_url": "https://yonot-e75ab-default-rtdb.firebaseio.com",
    "project_id": "yonot-e75ab",
    "storage_bucket": "yonot-e75ab.firebasestorage.app"
  },
  "client": [
    {
      "client_info": {
        "mobilesdk_app_id": "1:735270614140:android:afb021d9775221499ec5f9",
        "android_client_info": {
          "package_name": "mikhal.birova.yonot"
        }
      },
      "oauth_client": [],
      "api_key": [
        {
          "current_key": "AIzaSyCQm76jTqCZH7VDt4WYBlC6ud6cMIgp9XU"
        }
      ],
      "services": {
        "appinvite_service": {
          "other_platform_oauth_client": []
        }
      }
    }
  ],
  "configuration_version": "1"
}